{
  "variants": {
    "facing=east": [
      {
        "model": "minecraft:block/jack_o_lantern",
        "weight": 1,
        "y": 90
      },
      {
        "model": "minecraft:block/pumpkins/jack_o_lantern_2",
        "weight": 1,
        "y": 90
      },
      {
        "model": "minecraft:block/pumpkins/jack_o_lantern_3",
        "weight": 1,
        "y": 90
      },
      {
        "model": "minecraft:block/pumpkins/jack_o_lantern_4",
        "weight": 1,
        "y": 90
      }
    ],
    "facing=north": [
      {
        "model": "minecraft:block/jack_o_lantern",
        "weight": 1
      },
      {
        "model": "minecraft:block/pumpkins/jack_o_lantern_2",
        "weight": 1
      },
      {
        "model": "minecraft:block/pumpkins/jack_o_lantern_3",
        "weight": 1
      },
      {
        "model": "minecraft:block/pumpkins/jack_o_lantern_4",
        "weight": 1
      }
    ],
    "facing=south": [
      {
        "model": "minecraft:block/jack_o_lantern",
        "weight": 1,
        "y": 180
      },
      {
        "model": "minecraft:block/pumpkins/jack_o_lantern_2",
        "weight": 1,
        "y": 180
      },
      {
        "model": "minecraft:block/pumpkins/jack_o_lantern_3",
        "weight": 1,
        "y": 180
      },
      {
        "model": "minecraft:block/pumpkins/jack_o_lantern_4",
        "weight": 1,
        "y": 180
      }
    ],
    "facing=west": [
      {
        "model": "minecraft:block/jack_o_lantern",
        "weight": 1,
        "y": 270
      },
      {
        "model": "minecraft:block/pumpkins/jack_o_lantern_2",
        "weight": 1,
        "y": 270
      },
      {
        "model": "minecraft:block/pumpkins/jack_o_lantern_3",
        "weight": 1,
        "y": 270
      },
      {
        "model": "minecraft:block/pumpkins/jack_o_lantern_4",
        "weight": 1,
        "y": 270
      }
    ]
  }
}